{
    "DataDefine": {
        "BoundingBox": {
            "max": {
                "x": 7070.44949600731,
                "y": 6900.56981367527,
                "z": 1519.23438547798
            },
            "min": {
                "x": -7070.44949600731,
                "y": -6900.56981367527,
                "z": -1519.23438547799
            }
        },
        "NodeList": [
            {
                "BoundingVolume": {
                    "max": {
                        "x": 7070.44949600731,
                        "y": 6790.4908386149,
                        "z": 1313.26612098731
                    },
                    "min": {
                        "x": -7070.44949600731,
                        "y": -4954.94462576475,
                        "z": -1519.23438547799
                    }
                },
                "children": [
                    {
                        "BoundingVolume": {
                            "max": {
                                "x": 7070.44949600731,
                                "y": 6790.4908386149,
                                "z": 1313.26612098731
                            },
                            "min": {
                                "x": -7070.44949600731,
                                "y": -4954.94462576475,
                                "z": -1519.23438547799
                            }
                        },
                        "children": [
                            {
                                "BoundingVolume": {
                                    "max": {
                                        "x": 7070.44949600731,
                                        "y": 6790.4908386149,
                                        "z": 1313.26612098731
                                    },
                                    "min": {
                                        "x": -7070.44949600731,
                                        "y": -4954.94462576475,
                                        "z": -1519.23438547799
                                    }
                                },
                                "content": {
                                    "url": "1/0/0/0.gltf"
                                },
                                "geometricError": 0,
                                "refine": "REPLACE",
                                "transform": [
                                    1.0,
                                    5.55111512312578e-17,
                                    0.0,
                                    0.0,
                                    0.0,
                                    1.0,
                                    0.0,
                                    0.0,
                                    0.0,
                                    0.0,
                                    1.0,
                                    0.0,
                                    0.0,
                                    0.0,
                                    0.0,
                                    1.0
                                ]
                            }
                        ],
                        "content": {
                            "url": "1/0/0.gltf"
                        },
                        "geometricError": 2925.39474943126,
                        "refine": "REPLACE",
                        "transform": [
                            1.0,
                            5.55111512312578e-17,
                            0.0,
                            0.0,
                            0.0,
                            1.0,
                            0.0,
                            0.0,
                            0.0,
                            0.0,
                            1.0,
                            0.0,
                            0.0,
                            0.0,
                            0.0,
                            1.0
                        ]
                    }
                ],
                "geometricError": 292539.474943126,
                "refine": "REPLACE",
                "transform": [
                    1.0,
                    5.55111512312578e-17,
                    0.0,
                    0.0,
                    0.0,
                    1.0,
                    0.0,
                    0.0,
                    0.0,
                    0.0,
                    1.0,
                    0.0,
                    0.0,
                    0.0,
                    0.0,
                    1.0
                ]
            }
        ],
        "geometricError": 292539.474943126,
        "refine": "REPLACE",
        "transform": [
            -0.868086439885682,
            -0.496413066796798,
            0.0,
            0.0,
            0.495621478900319,
            -0.866702175923122,
            0.0564507564412158,
            0.0,
            -0.028022893127983,
            0.0490041361879088,
            0.998405384649549,
            0.0,
            -195.0,
            341.0,
            6947.5,
            1.0
        ]
    }
}
